{
	"eggman-blue-00": { "File": "boss.bmp", "Rect": "0,0,34,16", "Center": "17,8" },
	"eggman-blue-01": { "File": "boss.bmp", "Rect": "34,0,34,16", "Center": "17,8" },
	"eggman-blue-02": { "File": "boss.bmp", "Rect": "68,0,34,16", "Center": "17,8" },
	"eggman-blue-03": { "File": "boss.bmp", "Rect": "102,0,34,16", "Center": "17,8" },
	
	"eggman-fbz-blue-00": { "File": "boss.bmp", "Rect": "0,16,32,16", "Center": "16,8" },
	"eggman-fbz-blue-01": { "File": "boss.bmp", "Rect": "32,16,32,16", "Center": "16,8" },
	"eggman-fbz-blue-02": { "File": "boss.bmp", "Rect": "64,16,32,16", "Center": "16,8" },
	"eggman-fbz-blue-03": { "File": "boss.bmp", "Rect": "96,16,32,16", "Center": "16,8" },
	
	"eggman-lrz-blue-0f": { "File": "boss.bmp", "Rect": "0,32,26,18", "Center": "16,10" },
	"eggman-lrz-blue-10": { "File": "boss.bmp", "Rect": "26,32,26,18", "Center": "16,10" },
	"eggman-lrz-blue-11": { "File": "boss.bmp", "Rect": "52,32,26,18", "Center": "16,10" },
	
	"eggman-fbz-mini-blue-00": { "File": "boss.bmp", "Rect": "0,50,32,56", "Center": "16,28" },
	"eggman-fbz-mini-blue-01": { "File": "boss.bmp", "Rect": "32,50,32,56", "Center": "16,28" },
	"eggman-fbz-mini-blue-02": { "File": "boss.bmp", "Rect": "64,50,32,56", "Center": "16,28" },
	"eggman-fbz-mini-blue-03": { "File": "boss.bmp", "Rect": "96,50,32,56", "Center": "16,28" },
	
	"eggman-blue-00-png": { "File": "boss.png", "Rect": "0,0,34,16", "Center": "17,8" },
	"eggman-blue-01-png": { "File": "boss.png", "Rect": "34,0,34,16", "Center": "17,8" },
	"eggman-blue-02-png": { "File": "boss.png", "Rect": "68,0,34,16", "Center": "17,8" },
	"eggman-blue-03-png": { "File": "boss.png", "Rect": "102,0,34,16", "Center": "17,8" },
	
	"eggman-fbz-blue-00-png": { "File": "boss.png", "Rect": "0,16,32,16", "Center": "16,8" },
	"eggman-fbz-blue-01-png": { "File": "boss.png", "Rect": "32,16,32,16", "Center": "16,8" },
	"eggman-fbz-blue-02-png": { "File": "boss.png", "Rect": "64,16,32,16", "Center": "16,8" },
	"eggman-fbz-blue-03-png": { "File": "boss.png", "Rect": "96,16,32,16", "Center": "16,8" },
	
	"eggman-lrz-blue-0f-png": { "File": "boss.png", "Rect": "0,32,26,18", "Center": "16,10" },
	"eggman-lrz-blue-10-png": { "File": "boss.png", "Rect": "26,32,26,18", "Center": "16,10" },
	"eggman-lrz-blue-11-png": { "File": "boss.png", "Rect": "52,32,26,18", "Center": "16,10" },
	
	"eggman-fbz-mini-blue-00-png": { "File": "boss.png", "Rect": "0,50,32,56", "Center": "16,28" },
	"eggman-fbz-mini-blue-01-png": { "File": "boss.png", "Rect": "32,50,32,56", "Center": "16,28" },
	"eggman-fbz-mini-blue-02-png": { "File": "boss.png", "Rect": "64,50,32,56", "Center": "16,28" },
	"eggman-fbz-mini-blue-03-png": { "File": "boss.png", "Rect": "96,50,32,56", "Center": "16,28" }
}
