{
	"character_tails_tails_0x01":  { "File": "character_tails_tails.bmp", "Rect": "0,1,30,34", "Center": "32,15" },
	"character_tails_tails_0x02":  { "File": "character_tails_tails.bmp", "Rect": "36,4,24,18", "Center": "30,4" },
	"character_tails_tails_0x03":  { "File": "character_tails_tails.bmp", "Rect": "66,0,27,21", "Center": "32,9" },
	"character_tails_tails_0x04":  { "File": "character_tails_tails.bmp", "Rect": "100,3,24,20", "Center": "30,7" },
	"character_tails_tails_0x05":  { "File": "character_tails_tails.bmp", "Rect": "0,1,30,34", "Center": "32,14" },
	"character_tails_tails_0x06":  { "File": "character_tails_tails.bmp", "Rect": "36,4,24,18", "Center": "30,4" },
	"character_tails_tails_0x07":  { "File": "character_tails_tails.bmp", "Rect": "195,0,25,22", "Center": "31,9" },
	"character_tails_tails_0x08":  { "File": "character_tails_tails.bmp", "Rect": "225,3,30,22", "Center": "33,7" },
	"character_tails_tails_0x09":  { "File": "character_tails_tails.bmp", "Rect": "260,3,25,23", "Center": "31,-5" },
	"character_tails_tails_0x0a":  { "File": "character_tails_tails.bmp", "Rect": "292,3,24,19", "Center": "31,-5" },
	"character_tails_tails_0x0b":  { "File": "character_tails_tails.bmp", "Rect": "324,3,24,19", "Center": "31,-5" },
	"character_tails_tails_0x0c":  { "File": "character_tails_tails.bmp", "Rect": "356,3,24,17", "Center": "31,-6" },
	"character_tails_tails_0x0d":  { "File": "character_tails_tails.bmp", "Rect": "392,0,16,24", "Center": "8,-11" },
	"character_tails_tails_0x0e":  { "File": "character_tails_tails.bmp", "Rect": "424,0,16,24", "Center": "8,-11" },
	"character_tails_tails_0x0f":  { "File": "character_tails_tails.bmp", "Rect": "454,0,16,24", "Center": "10,-11" },
	"character_tails_tails_0x10":  { "File": "character_tails_tails.bmp", "Rect": "486,0,16,24", "Center": "10,-11" },
	"character_tails_tails_0x11":  { "File": "character_tails_tails.bmp", "Rect": "8,23,23,24", "Center": "-7,-5" },
	"character_tails_tails_0x12":  { "File": "character_tails_tails.bmp", "Rect": "39,24,19,24", "Center": "-6,-6" },
	"character_tails_tails_0x13":  { "File": "character_tails_tails.bmp", "Rect": "70,24,19,24", "Center": "-5,-6" },
	"character_tails_tails_0x14":  { "File": "character_tails_tails.bmp", "Rect": "102,23,17,24", "Center": "-5,-6" },
	"character_tails_tails_0x1a":  { "File": "character_tails_tails.bmp", "Rect": "132,28,24,16", "Center": "28,2" },
	"character_tails_tails_0x1b":  { "File": "character_tails_tails.bmp", "Rect": "164,28,24,16", "Center": "28,2" },
	"character_tails_tails_0x1c":  { "File": "character_tails_tails.bmp", "Rect": "196,28,24,16", "Center": "28,2" },
	"character_tails_tails_0x1d":  { "File": "character_tails_tails.bmp", "Rect": "228,28,24,16", "Center": "28,2" },
	"character_tails_tails_0x1e":  { "File": "character_tails_tails.bmp", "Rect": "260,28,24,16", "Center": "28,3" },
	"character_tails_tails_0x1f":  { "File": "character_tails_tails.bmp", "Rect": "292,28,24,16", "Center": "28,3" },
	"character_tails_tails_0x20":  { "File": "character_tails_tails.bmp", "Rect": "324,28,24,16", "Center": "28,3" },
	"character_tails_tails_0x21":  { "File": "character_tails_tails.bmp", "Rect": "356,28,24,16", "Center": "28,3" },
	"character_tails_tails_0x22":  { "File": "character_tails_tails.bmp", "Rect": "390,24,21,24", "Center": "23,9" },
	"character_tails_tails_0x23":  { "File": "character_tails_tails.bmp", "Rect": "420,24,26,24", "Center": "28,8" },
	"character_tails_tails_0x24":  { "File": "character_tails_tails.bmp", "Rect": "452,24,24,24", "Center": "28,8" },
	"character_tails_tails_0x25":  { "File": "character_tails_tails.bmp", "Rect": "484,28,24,16", "Center": "28,0" },
	"character_tails_tails_0x26":  { "File": "character_tails_tails.bmp", "Rect": "4,48,24,24", "Center": "28,8" },
	"character_tails_tails_0x27":  { "File": "character_tails_tails.bmp", "Rect": "29,51,37,21", "Center": "28,27" },
	"character_tails_tails_0x28":  { "File": "character_tails_tails.bmp", "Rect": "65,52,40,20", "Center": "29,26" },
	"character_tails_tails_0x29":  { "File": "character_tails_tails.bmp", "Rect": "112,46,27,23", "Center": "27,14" },
	"character_tails_tails_0x2a":  { "File": "character_tails_tails.bmp", "Rect": "151,45,23,25", "Center": "25,15" },
	"character_tails_tails_0x2b":  { "File": "character_tails_tails.bmp", "Rect": "181,49,24,22", "Center": "26,10" },
	"character_tails_tails_0x2c":  { "File": "character_tails_tails.bmp", "Rect": "214,49,24,19", "Center": "25,8" }
}