{

	// Character icon for lives
	"hud_lives_icon_sonic":    { "File": "hud_life_sprites.png", "Rect": "0,16,48,16" },
	"hud_lives_icon_tails":    { "File": "hud_life_sprites.png", "Rect": "0,32,48,16" },
	"hud_lives_icon_knuckles": { "File": "hud_life_sprites.png", "Rect": "0,48,48,16" },
	"hud_lives_icon_miles":    { "File": "hud_life_sprites.png", "Rect": "0,64,48,16" },

	// Small digits for lives
	"hud_smalldigit_0": { "File": "hud_life_sprites.png", "Rect": "0,0,8,8" },
	"hud_smalldigit_1": { "File": "hud_life_sprites.png", "Rect": "8,0,8,8" },
	"hud_smalldigit_2": { "File": "hud_life_sprites.png", "Rect": "16,0,8,8" },
	"hud_smalldigit_3": { "File": "hud_life_sprites.png", "Rect": "24,0,8,8" },
	"hud_smalldigit_4": { "File": "hud_life_sprites.png", "Rect": "32,0,8,8" },
	"hud_smalldigit_5": { "File": "hud_life_sprites.png", "Rect": "0,8,8,8" },
	"hud_smalldigit_6": { "File": "hud_life_sprites.png", "Rect": "8,8,8,8" },
	"hud_smalldigit_7": { "File": "hud_life_sprites.png", "Rect": "16,8,8,8" },
	"hud_smalldigit_8": { "File": "hud_life_sprites.png", "Rect": "24,8,8,8" },
	"hud_smalldigit_9": { "File": "hud_life_sprites.png", "Rect": "32,8,8,8" }
}
