{
	"SONIC_NEW_DROPDASH_0":  { "File": "Sonic_DropDash.png", "Rect": "10,15,30,30", "Center": "16,16" },
	"SONIC_NEW_DROPDASH_1":  { "File": "Sonic_DropDash.png", "Rect": "59,15,30,30", "Center": "16,16" },
	"SONIC_NEW_DROPDASH_2":  { "File": "Sonic_DropDash.png", "Rect": "108,15,30,30", "Center": "16,16" },
	"SONIC_NEW_DROPDASH_3":  { "File": "Sonic_DropDash.png", "Rect": "157,15,30,30", "Center": "16,16" },
	"SONIC_NEW_DROPDASH_4":  { "File": "Sonic_DropDash.png", "Rect": "206,15,30,30", "Center": "16,16" },
	"SONIC_NEW_DROPDASH_5":  { "File": "Sonic_DropDash.png", "Rect": "255,15,30,30", "Center": "16,16" },
	"SONIC_NEW_DROPDASH_6":  { "File": "Sonic_DropDash.png", "Rect": "108,15,30,30", "Center": "16,16" },
	"SONIC_NEW_DROPDASH_7":  { "File": "Sonic_DropDash.png", "Rect": "353,15,30,30", "Center": "16,16" },
	"SONIC_NEW_DROPDASH_8":  { "File": "Sonic_DropDash.png", "Rect": "10,15,30,30", "Center": "16,16" },
	"SONIC_NEW_DROPDASH_9":  { "File": "Sonic_DropDash.png", "Rect": "451,15,30,30", "Center": "16,16" },
	"SONIC_NEW_DROPDASH_10":  { "File": "Sonic_DropDash.png", "Rect": "108,15,30,30", "Center": "16,16" },
	"SONIC_NEW_DROPDASH_11":  { "File": "Sonic_DropDash.png", "Rect": "549,15,30,30", "Center": "16,16" },
	"SONIC_NEW_DROPDASH_12":  { "File": "Sonic_DropDash.png", "Rect": "10,15,30,30", "Center": "16,16" },
	"SONIC_NEW_DROPDASH_13":  { "File": "Sonic_DropDash.png", "Rect": "108,15,30,30", "Center": "16,16" },
	"SONIC_NEW_DROPDASH_14":  { "File": "Sonic_DropDash.png", "Rect": "206,15,30,30", "Center": "16,16" },
	"SONIC_NEW_DROPDASH_15":  { "File": "Sonic_DropDash.png", "Rect": "255,15,30,30", "Center": "16,16" },

	"SUPERSONIC_NEW_DROPDASH_0":  { "File": "SuperSonic_DropDash.png", "Rect": "10,15,30,30", "Center": "16,16" },
	"SUPERSONIC_NEW_DROPDASH_1":  { "File": "SuperSonic_DropDash.png", "Rect": "59,15,30,30", "Center": "16,16" },
	"SUPERSONIC_NEW_DROPDASH_2":  { "File": "SuperSonic_DropDash.png", "Rect": "108,15,30,30", "Center": "16,16" },
	"SUPERSONIC_NEW_DROPDASH_3":  { "File": "SuperSonic_DropDash.png", "Rect": "157,15,30,30", "Center": "16,16" },
	"SUPERSONIC_NEW_DROPDASH_4":  { "File": "SuperSonic_DropDash.png", "Rect": "206,15,30,30", "Center": "16,16" },
	"SUPERSONIC_NEW_DROPDASH_5":  { "File": "SuperSonic_DropDash.png", "Rect": "255,15,30,30", "Center": "16,16" },
	"SUPERSONIC_NEW_DROPDASH_6":  { "File": "SuperSonic_DropDash.png", "Rect": "108,15,30,30", "Center": "16,16" },
	"SUPERSONIC_NEW_DROPDASH_7":  { "File": "SuperSonic_DropDash.png", "Rect": "353,15,30,30", "Center": "16,16" },
	"SUPERSONIC_NEW_DROPDASH_8":  { "File": "SuperSonic_DropDash.png", "Rect": "10,15,30,30", "Center": "16,16" },
	"SUPERSONIC_NEW_DROPDASH_9":  { "File": "SuperSonic_DropDash.png", "Rect": "451,15,30,30", "Center": "16,16" },
	"SUPERSONIC_NEW_DROPDASH_10":  { "File": "SuperSonic_DropDash.png", "Rect": "108,15,30,30", "Center": "16,16" },
	"SUPERSONIC_NEW_DROPDASH_11":  { "File": "SuperSonic_DropDash.png", "Rect": "549,15,30,30", "Center": "16,16" },
	"SUPERSONIC_NEW_DROPDASH_12":  { "File": "SuperSonic_DropDash.png", "Rect": "10,15,30,30", "Center": "16,16" },
	"SUPERSONIC_NEW_DROPDASH_13":  { "File": "SuperSonic_DropDash.png", "Rect": "647,15,30,30", "Center": "16,16" },
	"SUPERSONIC_NEW_DROPDASH_14":  { "File": "SuperSonic_DropDash.png", "Rect": "108,15,30,30", "Center": "16,16" },
	"SUPERSONIC_NEW_DROPDASH_15":  { "File": "SuperSonic_DropDash.png", "Rect": "745,15,30,30", "Center": "16,16" }
}